"alpha","beta","species","response","family","n","slope_per_SD","se","statistic","p","dAICc","dispersion"
0,0.05,"bes","length","gaussian",40,0.635641837045741,2.06327192897777,0.308074678920614,0.759801039487948,-2.5165319423902,NA
0,0.05,"bes","ratio","gaussian",40,-0.190242765554061,0.100458962194679,-1.89373612267057,0.0663180164856445,1.1766535131936,NA
0,0.05,"bes","germination","quasibinomial",45,-0.164850701644258,0.204055157044922,-0.807873243840473,0.423826147856937,-1.87502330898157,2.82173459307352
0,0.05,"jg","length","gaussian",44,3.66122695108342,3.93782393021967,0.929758926747948,0.358073296653515,-1.61253888960772,NA
0,0.05,"jg","ratio","gaussian",44,0.028717763533002,0.0723293319524059,0.397041736150679,0.69344732952658,-2.3802407952386,NA
0,0.05,"jg","germination","quasibinomial",45,-0.0826759135891128,0.146749561567796,-0.563380992119134,0.576243923393387,-2.21654742629615,4.87400684645451
0,0.05,"wsr","length","gaussian",38,1.69533681325174,1.58427202717342,1.07010461850827,0.292110461245924,-1.40411506055767,NA
0,0.05,"wsr","ratio","gaussian",38,-0.0375740101661997,0.0546366448739797,-0.687707128665473,0.496302306607544,-2.13794011537839,NA
0,0.05,"wsr","germination","quasibinomial",45,-0.210690451779227,0.208724809960771,-1.0094173846359,0.318694853982897,-1.47254307005987,3.50001239552779
0,0.05,"yar","length","gaussian",44,1.64153766563679,1.12867957685649,1.45438767502879,0.153641369858415,-0.285973158405227,NA
0,0.05,"yar","ratio","gaussian",44,-0.144745048994697,0.0690276326463816,-2.09691457530065,0.0423695694002452,2.03561154046587,NA
0,0.05,"yar","germination","quasibinomial",45,-0.117336103388639,0.257058298188923,-0.456457170281285,0.650470240413687,-2.32669937301087,12.8838040407936
0,0.1,"bes","length","gaussian",40,0.648951043989303,2.02020379376747,0.321230484761677,0.749893329032609,-2.50735827527649,NA
0,0.1,"bes","ratio","gaussian",40,-0.194099171961092,0.0979531594473437,-1.98155090714999,0.0552058731012133,1.51904835445329,NA
0,0.1,"bes","germination","quasibinomial",45,-0.182562232990725,0.204062232261681,-0.894639987847506,0.376201691470022,-1.71272953622039,2.80929728566996
0,0.1,"jg","length","gaussian",44,1.83151931861074,3.91155370450947,0.468233202703892,0.642159348694897,-2.31279829629921,NA
0,0.1,"jg","ratio","gaussian",44,0.0147195329462348,0.0713797364584091,0.206214447917042,0.837669443784716,-2.5065543512504,NA
0,0.1,"jg","germination","quasibinomial",45,-0.122332715782466,0.147561859296412,-0.829026662890801,0.411889883671806,-1.82567576545439,4.79597060343193
0,0.1,"wsr","length","gaussian",38,1.70404580873104,1.53638378795869,1.10912769458151,0.275158871520672,-1.31227785760927,NA
0,0.1,"wsr","ratio","gaussian",38,-0.0293202753149544,0.0531796767806183,-0.551343616395207,0.585003612588344,-2.32464643111724,NA
0,0.1,"wsr","germination","quasibinomial",45,-0.201343506287466,0.210821897436429,-0.955040765384339,0.345154458272147,-1.56612915485455,3.48601998395479
0,0.1,"yar","length","gaussian",44,1.22879682804064,1.17276159250543,1.04778058549436,0.301029808033074,-1.36195299845065,NA
0,0.1,"yar","ratio","gaussian",44,-0.142790204234708,0.0711484723177485,-2.00693282066561,0.0515482723808542,1.66811214973587,NA
0,0.1,"yar","germination","quasibinomial",45,-0.125881679547398,0.257938562048809,-0.48802970190854,0.628128652683495,-2.29321784176157,12.8851996481026
0,0.15,"bes","length","gaussian",40,0.635033248025621,1.96033077787004,0.323941885315704,0.747856628644715,-2.50542018793288,NA
0,0.15,"bes","ratio","gaussian",40,-0.190517850170646,0.0949323918535509,-2.00687927956721,0.0523172449828931,1.6201268364531,NA
0,0.15,"bes","germination","quasibinomial",45,-0.190862480696432,0.204392980293463,-0.933801544565743,0.355873431873521,-1.62041418613364,2.80048136337962
0,0.15,"jg","length","gaussian",44,0.136944959908206,3.8444802294716,0.0356211897926779,0.971761586459623,-2.55191060883891,NA
0,0.15,"jg","ratio","gaussian",44,0.00304899775503334,0.0700009035695453,0.0435565485523224,0.965474599319404,-2.5512195020544,NA
0,0.15,"jg","germination","quasibinomial",45,-0.156416370070735,0.150648985964165,-1.03828359062399,0.305222806481322,-1.37911159001209,4.72982578568465
0,0.15,"wsr","length","gaussian",38,1.64593222682832,1.49083629335054,1.10403283993658,0.277331428714283,-1.32444204644133,NA
0,0.15,"wsr","ratio","gaussian",38,-0.0205198639029949,0.0517053694214274,-0.396861373056764,0.693949903000394,-2.48725700529222,NA
0,0.15,"wsr","germination","quasibinomial",45,-0.186072930524191,0.212964936392326,-0.873725664310323,0.387356703824436,-1.70534789738055,3.47482841809996
0,0.15,"yar","length","gaussian",44,0.749377596677709,1.19990532328876,0.62453060431783,0.535825443825516,-2.12634230786421,NA
0,0.15,"yar","ratio","gaussian",44,-0.133912619302185,0.0726909129280975,-1.84221952797106,0.0728648231406249,1.02989933068056,NA
0,0.15,"yar","germination","quasibinomial",45,-0.132406225098625,0.259579277471337,-0.510080104962326,0.612730490758401,-2.26549435763781,12.8844198776979
0,0.2,"bes","length","gaussian",40,0.617627921691534,1.90298986810063,0.324556600139962,0.747395132706213,-2.50497854260669,NA
0,0.2,"bes","ratio","gaussian",40,-0.1841282291614,0.092201550108111,-1.99701880223814,0.053425773963229,1.58065420809791,NA
0,0.2,"bes","germination","quasibinomial",45,-0.192136102712864,0.204422713216101,-0.939896059934162,0.352775611930827,-1.59055389357088,2.7958699846329
0,0.2,"jg","length","gaussian",44,-1.23580066374707,3.76447171657071,-0.328279970415832,0.744412341334874,-2.43492123458543,NA
0,0.2,"jg","ratio","gaussian",44,-0.00514746501024595,0.0686320827448655,-0.0750008568060109,0.940587877632453,-2.54711913644391,NA
0,0.2,"jg","germination","quasibinomial",45,-0.183902917635758,0.155477368348655,-1.18282756898328,0.243691331044235,-0.967201468143898,4.68460629535852
0,0.2,"wsr","length","gaussian",38,1.55623877271281,1.45018846549986,1.07312863792251,0.290771174076177,-1.39710805452972,NA
0,0.2,"wsr","ratio","gaussian",38,-0.0126293912424905,0.0503172022068348,-0.25099549833029,0.803328322871465,-2.59253358255774,NA
0,0.2,"wsr","germination","quasibinomial",45,-0.166775957812824,0.212928786996113,-0.783247583220715,0.437982908380073,-1.85728457116274,3.46751991682412
0,0.2,"yar","length","gaussian",44,0.294935674327759,1.20694036726529,0.244366401461931,0.808196233806988,-2.48766889282228,NA
0,0.2,"yar","ratio","gaussian",44,-0.120981044317117,0.0733917919283687,-1.64842744860618,0.107098709399795,0.338586699409149,NA
0,0.2,"yar","germination","quasibinomial",45,-0.137028696655538,0.261534226969891,-0.523941735057542,0.603140068484802,-2.24481345745212,12.8813256146978
0,0.3,"bes","length","gaussian",40,0.609953276671333,1.82252309763765,0.33467519696291,0.73981229106224,-2.49758918113378,NA
0,0.3,"bes","ratio","gaussian",40,-0.173290336724164,0.0884795928678667,-1.95853451747853,0.057949956787643,1.42809163409851,NA
0,0.3,"bes","germination","quasibinomial",45,-0.184998625853387,0.202619791318686,-0.913033345110973,0.366562951090835,-1.62434769433827,2.7945742072885
0,0.3,"jg","length","gaussian",44,-3.05798029127675,3.62980069794911,-0.842465067849195,0.404536977814047,-1.77942979820449,NA
0,0.3,"jg","ratio","gaussian",44,-0.0132282500036316,0.0666434745036473,-0.198492802215881,0.843664947350499,-2.50998834128166,NA
0,0.3,"jg","germination","quasibinomial",45,-0.220525498035294,0.165615942728768,-1.33154752134251,0.19036501816281,-0.384478438688774,4.64654324480862
0,0.3,"wsr","length","gaussian",38,1.38267490193544,1.38695857523392,0.996911462696166,0.325849943093423,-1.56804915819822,NA
0,0.3,"wsr","ratio","gaussian",38,-0.00135603670359641,0.0480590961273781,-0.0282160259527625,0.977654827706004,-2.66198899016174,NA
0,0.3,"wsr","germination","quasibinomial",45,-0.128741308176559,0.206274881589527,-0.624124988871625,0.536003032194263,-2.10363601286056,3.46149081484474
0,0.3,"yar","length","gaussian",44,-0.360049885983509,1.18551980285363,-0.303706344775382,0.762925834916458,-2.45196184677462,NA
0,0.3,"yar","ratio","gaussian",44,-0.095848122452152,0.0729707549856389,-1.31351419443331,0.196494374701963,-0.695244703561364,NA
0,0.3,"yar","germination","quasibinomial",45,-0.143065267451823,0.264892394427587,-0.5400882413441,0.592057936300555,-2.21689791926777,12.8702503049476
0,0.5,"bes","length","gaussian",40,0.674074562958936,1.75701668633142,0.383647217583559,0.703496429093373,-2.45864304672602,NA
0,0.5,"bes","ratio","gaussian",40,-0.165252137341614,0.0854431686878475,-1.93405909307197,0.0609967988902132,1.33231160297399,NA
0,0.5,"bes","germination","quasibinomial",45,-0.167219467139329,0.19733640850643,-0.847382743027272,0.401701423106751,-1.74666800443035,2.8000371564356
0,0.5,"jg","length","gaussian",44,-4.73370149434459,3.49222930682121,-1.35549560995278,0.182864447312705,-0.577245852570059,NA
0,0.5,"jg","ratio","gaussian",44,-0.0159969035750035,0.0649823818690742,-0.246172933568884,0.806807266116577,-2.4866955640963,NA
0,0.5,"jg","germination","quasibinomial",45,-0.250379426705213,0.176765719585354,-1.4164478683567,0.164197756878461,0.10959325288448,4.63766465657353
0,0.5,"wsr","length","gaussian",38,1.19455613319035,1.3122358189134,0.910321236452385,0.369061894626978,-1.74780849566639,NA
0,0.5,"wsr","ratio","gaussian",38,0.00850089645209172,0.0453395768897904,0.18749395197832,0.852387820671112,-2.62360934090092,NA
0,0.5,"wsr","germination","quasibinomial",45,-0.0840965588259037,0.191829347191485,-0.438392561185948,0.663403072431947,-2.32907753487922,3.46028749020439
0,0.5,"yar","length","gaussian",44,-0.9034475521626,1.12561445544001,-0.802626110384694,0.426934214177488,-1.8503225815985,NA
0,0.5,"yar","ratio","gaussian",44,-0.0690141444793448,0.070406754781788,-0.980220501473768,0.332869035335275,-1.50888518200837,NA
0,0.5,"yar","germination","quasibinomial",45,-0.152769131983338,0.270078040796654,-0.565648105017025,0.574715823366879,-2.17409218901068,12.837561842936
1,0.05,"bes","length","gaussian",40,0.902699593710732,2.04498870200288,0.441420332946886,0.661548762030672,-2.40593042586005,NA
1,0.05,"bes","ratio","gaussian",40,-0.186237227955074,0.0998412492887732,-1.86533350976424,0.0703011800241541,1.06862441133485,NA
1,0.05,"bes","germination","quasibinomial",45,-0.161258349913688,0.201324584933604,-0.800986873842904,0.427756771726429,-1.88776576328537,2.82153183250587
1,0.05,"jg","length","gaussian",44,3.16984433975559,3.93973705585942,0.80458271575287,0.425816985542009,-1.846918399738,NA
1,0.05,"jg","ratio","gaussian",44,0.0353497379591501,0.0720977431081842,0.490302975310989,0.626598327472384,-2.28966108737309,NA
1,0.05,"jg","germination","quasibinomial",45,-0.110761294587496,0.143857081204055,-0.769939815686833,0.445749279739092,-1.93423584745163,4.80371217705127
1,0.05,"wsr","length","gaussian",38,1.65598434154796,1.50508049942775,1.10026297076972,0.278946821819605,-1.33340921524797,NA
1,0.05,"wsr","ratio","gaussian",38,-0.035070416983672,0.0519670838368171,-0.674858283250938,0.504329415553979,-2.15724365837849,NA
1,0.05,"wsr","germination","quasibinomial",45,-0.159416440678055,0.201845172700375,-0.789795656469315,0.434191277369244,-1.89566794227549,3.50917402146231
1,0.05,"yar","length","gaussian",44,1.5757208035248,1.11237758337748,1.41653412211031,0.164360374116561,-0.399657932655145,NA
1,0.05,"yar","ratio","gaussian",44,-0.147739838631515,0.0676608673671249,-2.18353450643612,0.0349219603702781,2.40154198738521,NA
1,0.05,"yar","germination","quasibinomial",45,-0.113273805018944,0.256221546837095,-0.442093205732472,0.660745051988667,-2.34015859789638,12.8660921220247
1,0.1,"bes","length","gaussian",40,0.898629615352529,2.0093360724983,0.447227135197558,0.657390416089079,-2.40022814275289,NA
1,0.1,"bes","ratio","gaussian",40,-0.190742535729487,0.0976972552166707,-1.95238377277297,0.058702976214435,1.40393016018339,NA
1,0.1,"bes","germination","quasibinomial",45,-0.176991217793871,0.201158989172149,-0.879857363184519,0.384064779054482,-1.74274961419501,2.81044209697507
1,0.1,"jg","length","gaussian",44,1.47975918420972,3.90765254630406,0.378682384545502,0.706926317196398,-2.39584803593903,NA
1,0.1,"jg","ratio","gaussian",44,0.0274183850836788,0.0711471822160225,0.385375558520772,0.702001020003075,-2.39024311788986,NA
1,0.1,"jg","germination","quasibinomial",45,-0.149850912484084,0.145242441012585,-1.03172950991026,0.308246750911962,-1.42596371416309,4.71430394138515
1,0.1,"wsr","length","gaussian",38,1.64327556586637,1.45560818508075,1.12892712661904,0.266831280045344,-1.26451179995735,NA
1,0.1,"wsr","ratio","gaussian",38,-0.0263693604113077,0.0504379627179514,-0.522807801710092,0.604498495895496,-2.35861591682812,NA
1,0.1,"wsr","germination","quasibinomial",45,-0.134973230947644,0.201335654801133,-0.670389112554165,0.506368589311015,-2.07104794292998,3.50179395940105
1,0.1,"yar","length","gaussian",44,1.16927434107895,1.14466225905691,1.02150161047706,0.313155452101294,-1.42021015125715,NA
1,0.1,"yar","ratio","gaussian",44,-0.143210236259721,0.0691973656724885,-2.06959087051862,0.0449921904182468,1.92264040201343,NA
1,0.1,"yar","germination","quasibinomial",45,-0.109394113996824,0.256016210400588,-0.427293700760803,0.671401197488945,-2.35150998114791,12.8884065402564
1,0.15,"bes","length","gaussian",40,0.853780493105329,1.95653150685545,0.436374517923062,0.665171015815745,-2.41082555457172,NA
1,0.15,"bes","ratio","gaussian",40,-0.1878705835594,0.0949990209211639,-1.97760547148488,0.0556680915526349,1.50339595716329,NA
1,0.15,"bes","germination","quasibinomial",45,-0.183344556642108,0.201088739243096,-0.911759441787849,0.367225330137946,-1.66878524138308,2.8033379657606
1,0.15,"jg","length","gaussian",44,-0.043334117530166,3.83946853335302,-0.0112864885214523,0.991050981685223,-2.55316621969763,NA
1,0.15,"jg","ratio","gaussian",44,0.0206174277058834,0.0698342645834974,0.295233691209452,0.769342442448711,-2.45753142953441,NA
1,0.15,"jg","germination","quasibinomial",45,-0.183079476152118,0.148934508261984,-1.22926162840697,0.225982017997173,-0.897125714655971,4.64216224190302
1,0.15,"wsr","length","gaussian",38,1.56855955289766,1.41305956701885,1.11004489089365,0.27476905131683,-1.31008247731341,NA
1,0.15,"wsr","ratio","gaussian",38,-0.0175530480299972,0.049038257521421,-0.357945998026737,0.722596459177178,-2.51994902014907,NA
1,0.15,"wsr","germination","quasibinomial",45,-0.108548357933078,0.199168828029435,-0.545006761384543,0.588701470133598,-2.22698736720641,3.49359397421026
1,0.15,"yar","length","gaussian",44,0.721911028406186,1.16090019218166,0.621854517096351,0.537566054142108,-2.12997600613852,NA
1,0.15,"yar","ratio","gaussian",44,-0.132583169668454,0.07018378343898,-1.88908552904854,0.0661453572884443,1.20685737539357,NA
1,0.15,"yar","germination","quasibinomial",45,-0.105473155702895,0.255412199432898,-0.412952693477762,0.681793002113451,-2.36179369685129,12.9050547860098
1,0.2,"bes","length","gaussian",40,0.806637583569444,1.90452176799437,0.423538127589323,0.67442253646822,-2.42302752097009,NA
1,0.2,"bes","ratio","gaussian",40,-0.182053559286978,0.0925031634790818,-1.96807927901997,0.056797979441665,1.46570696399156,NA
1,0.2,"bes","germination","quasibinomial",45,-0.183119170681598,0.200635200691829,-0.912697124184424,0.366737697512703,-1.65316535025988,2.80028900034642
1,0.2,"jg","length","gaussian",44,-1.25664390229922,3.76264864871232,-0.333978540018421,0.740140451653978,-2.43078126492264,NA
1,0.2,"jg","ratio","gaussian",44,0.015949299578841,0.0685605331909424,0.232630915142125,0.817234252109938,-2.49381771869371,NA
1,0.2,"jg","germination","quasibinomial",45,-0.209460698931474,0.154108086860429,-1.35918045054428,0.1815191375652,-0.441734978214114,4.59536044977373
1,0.2,"wsr","length","gaussian",38,1.46978116117264,1.3780164497094,1.06659188392315,0.293671619731507,-1.41223126675766,NA
1,0.2,"wsr","ratio","gaussian",38,-0.00983408801644578,0.0478180704058991,-0.205656312205199,0.838285819700279,-2.61563782015849,NA
1,0.2,"wsr","germination","quasibinomial",45,-0.0836150543483372,0.194828624084744,-0.429172328969317,0.670044661074172,-2.3451246354807,3.4861633748382
1,0.2,"yar","length","gaussian",44,0.315050583086295,1.16140204854622,0.271267459430315,0.78758041100969,-2.47243606852805,NA
1,0.2,"yar","ratio","gaussian",44,-0.119250847370951,0.070517438603672,-1.69108308146548,0.0985996449357278,0.485068895260071,NA
1,0.2,"yar","germination","quasibinomial",45,-0.102174264265726,0.254500312790862,-0.401470093082707,0.690159023934164,-2.36971275014334,12.9160061719712
1,0.3,"bes","length","gaussian",40,0.764123006441726,1.82948391508285,0.417671344438752,0.678668130681226,-2.42848425303072,NA
1,0.3,"bes","ratio","gaussian",40,-0.171709541841943,0.0890234785957125,-1.92881186570722,0.061667715981812,1.31190472341947,NA
1,0.3,"bes","germination","quasibinomial",45,-0.174441640720307,0.19825082015236,-0.87990375316604,0.384039941511583,-1.7017245102937,2.80098951506589
1,0.3,"jg","length","gaussian",44,-2.85353501041738,3.63849182153391,-0.784263137140816,0.43750566426076,-1.88187984638876,NA
1,0.3,"jg","ratio","gaussian",44,0.0120032487640623,0.0667311877189494,0.17987464593941,0.858159137699744,-2.51773035197917,NA
1,0.3,"jg","germination","quasibinomial",45,-0.243161378614873,0.163975250695165,-1.48291512032457,0.145743615344699,0.151809524983506,4.55986053591935
1,0.3,"wsr","length","gaussian",38,1.29088189802885,1.32683570413081,0.972902593749909,0.337472924473101,-1.61943963584832,NA
1,0.3,"wsr","ratio","gaussian",38,0.00115747908940867,0.0459448273032449,0.025192805313405,0.980048460064099,-2.66216944912574,NA
1,0.3,"wsr","germination","quasibinomial",45,-0.04613822413194,0.184249352556747,-0.250411865722729,0.80351945919163,-2.4734994210841,3.47534204927854
1,0.3,"yar","length","gaussian",44,-0.257829527491113,1.1386606463714,-0.22643228104242,0.822018379011246,-2.49694372188657,NA
1,0.3,"yar","ratio","gaussian",44,-0.0954701298751814,0.0699349102494233,-1.3651283677163,0.179842022446054,-0.549692687650364,NA
1,0.3,"yar","germination","quasibinomial",45,-0.0986730635142386,0.252786412461148,-0.390341642786692,0.698304666132439,-2.37666832455544,12.9247438479976
1,0.5,"bes","length","gaussian",40,0.837468047591563,1.76568312217787,0.474302572796071,0.638148565507504,-2.3726676819291,NA
1,0.5,"bes","ratio","gaussian",40,-0.162918000846899,0.0861337536815329,-1.89145362745092,0.0666307972030588,1.1679225791988,NA
1,0.5,"bes","germination","quasibinomial",45,-0.155577172764254,0.193090840070809,-0.80572010928743,0.42505276084014,-1.83455932514765,2.80803061016349
1,0.5,"jg","length","gaussian",44,-4.34555084212773,3.51638979306762,-1.23579895798093,0.22374186703282,-0.904663408899353,NA
1,0.5,"jg","ratio","gaussian",44,0.0118892369946385,0.0652112288830256,0.182318861310913,0.856253375313865,-2.51675734295473,NA
1,0.5,"jg","germination","quasibinomial",45,-0.268470142307056,0.173908549653851,-1.5437432078033,0.130334792392487,0.602286654366011,4.55611688420787
1,0.5,"wsr","length","gaussian",38,1.10554429075373,1.26695533453116,0.872599262674747,0.389002536607923,-1.82125862507309,NA
1,0.5,"wsr","ratio","gaussian",38,0.0110340445099223,0.0437144512740359,0.252411826943736,0.802242491412862,-2.59173819327867,NA
1,0.5,"wsr","germination","quasibinomial",45,-0.0122731200172847,0.171265607082748,-0.0716613231712943,0.943219869983511,-2.53326912220534,3.4646581810437
1,0.5,"yar","length","gaussian",44,-0.74735677963109,1.08696262645198,-0.687564375668168,0.495694888150819,-2.03633605032428,NA
1,0.5,"yar","ratio","gaussian",44,-0.0709639735338891,0.0677324709252913,-1.04770979951643,0.301062028274439,-1.36211180460464,NA
1,0.5,"yar","germination","quasibinomial",45,-0.101016520240562,0.252834657827876,-0.399535890800744,0.691572157156263,-2.36624741897337,12.9145312855736
2,0.05,"bes","length","gaussian",40,1.106543796008,2.0211202179983,0.547490340334093,0.587420429130325,-2.29017687829287,NA
2,0.05,"bes","ratio","gaussian",40,-0.182435857527927,0.0989164064956454,-1.84434376450946,0.0733746309886697,0.989654688160556,NA
2,0.05,"bes","germination","quasibinomial",45,-0.162877448232072,0.19892261024709,-0.818798064381696,0.417635578073736,-1.85822197215111,2.81855907812447
2,0.05,"jg","length","gaussian",44,2.68042990305275,3.93619291258682,0.680970156335961,0.49981377009087,-2.04614805145906,NA
2,0.05,"jg","ratio","gaussian",44,0.049138105418177,0.0716657134358696,0.685657102432232,0.496884273235171,-2.03918350993626,NA
2,0.05,"jg","germination","quasibinomial",45,-0.127843898980363,0.141209538870501,-0.905348887921836,0.370570291143043,-1.69824914071805,4.74946459494562
2,0.05,"wsr","length","gaussian",38,1.60807857049693,1.44133471132479,1.11568711823979,0.272379697004904,-1.29654025611416,NA
2,0.05,"wsr","ratio","gaussian",38,-0.0332085932120025,0.049797981337621,-0.666866252807607,0.509358175410507,-2.16907173027275,NA
2,0.05,"wsr","germination","quasibinomial",45,-0.102542236738226,0.195593933822933,-0.524260823094112,0.602920127983638,-2.25837053753432,3.50592856860475
2,0.05,"yar","length","gaussian",44,1.46139865371001,1.09841626397855,1.33045977343481,0.19090247058279,-0.648023883038604,NA
2,0.05,"yar","ratio","gaussian",44,-0.148311135327117,0.0664668188036849,-2.23135600584655,0.0313281110153327,2.60855982141675,NA
2,0.05,"yar","germination","quasibinomial",45,-0.118934843473033,0.256342634676149,-0.463968249461465,0.645124567256196,-2.31958761638862,12.8358492619309
2,0.1,"bes","length","gaussian",40,1.07633131012216,1.99250634462511,0.540189652607943,0.592392638434976,-2.29892810286128,NA
2,0.1,"bes","ratio","gaussian",40,-0.187409971687627,0.0971081885072424,-1.92990904854177,0.0615269048388341,1.31616802970093,NA
2,0.1,"bes","germination","quasibinomial",45,-0.175821318677295,0.198744116965857,-0.884661751811757,0.381497888800441,-1.73458096314745,2.80921619545225
2,0.1,"jg","length","gaussian",44,1.24245105876536,3.89923425881712,0.318639757525693,0.751657605308364,-2.44176342209897,NA
2,0.1,"jg","ratio","gaussian",44,0.0512835979906986,0.0706245138693854,0.726144438821111,0.471978069804439,-1.97708167072809,NA
2,0.1,"jg","germination","quasibinomial",45,-0.165257257509954,0.143041455929159,-1.15531023112487,0.254652153586837,-1.13321756477708,4.65612240820003
2,0.1,"wsr","length","gaussian",38,1.56416449349058,1.39223582125556,1.12349105633554,0.269099442435949,-1.27770446371363,NA
2,0.1,"wsr","ratio","gaussian",38,-0.0236102289110693,0.0482576002444086,-0.489254102804354,0.627803396865327,-2.39628543291023,NA
2,0.1,"wsr","germination","quasibinomial",45,-0.058514705824767,0.191708401889763,-0.305227654333139,0.761737003830228,-2.4437623661306,3.49132348323733
2,0.1,"yar","length","gaussian",44,1.0836782720687,1.12066662663897,0.966994328472862,0.339357456535971,-1.53655896554636,NA
2,0.1,"yar","ratio","gaussian",44,-0.141240093585343,0.0675939818293989,-2.08953652030472,0.0430641800800824,2.00498925625197,NA
2,0.1,"yar","germination","quasibinomial",45,-0.103619260610832,0.255518311414854,-0.405525772446882,0.687199573245276,-2.37020089391197,12.8820862591548
2,0.15,"bes","length","gaussian",40,0.987522690026979,1.94823875544857,0.506879707256212,0.61533007280344,-2.33738812820525,NA
2,0.15,"bes","ratio","gaussian",40,-0.185170184988659,0.0947965815933178,-1.95334242940372,0.0585850563134036,1.40769193336246,NA
2,0.15,"bes","germination","quasibinomial",45,-0.17945827876002,0.198340276681722,-0.904799981942131,0.370857613744448,-1.68518999303947,2.80430885322464
2,0.15,"jg","length","gaussian",44,-0.00731796807261046,3.83350519388929,-0.00190894956508093,0.998486368394327,-2.55330233428282,NA
2,0.15,"jg","ratio","gaussian",44,0.052085911045163,0.0693140863503417,0.751447704033774,0.456781949092089,-1.93650877085197,NA
2,0.15,"jg","germination","quasibinomial",45,-0.196036123638291,0.146781179483729,-1.33556716418143,0.189058152659153,-0.588424689793328,4.58479418996108
2,0.15,"wsr","length","gaussian",38,1.46893094349828,1.35488008601013,1.08417782404936,0.28591438898146,-1.37134879569277,NA
2,0.15,"wsr","ratio","gaussian",38,-0.014560880875227,0.0470034828580538,-0.309783020105116,0.758616738920738,-2.55577428824911,NA
2,0.15,"wsr","germination","quasibinomial",45,-0.0201642784407278,0.185105486344932,-0.108933985906571,0.913786259720033,-2.52649743163047,3.47247721109652
2,0.15,"yar","length","gaussian",44,0.692098558601294,1.12929390083062,0.61285955595106,0.543438184770712,-2.14207751956218,NA
2,0.15,"yar","ratio","gaussian",44,-0.129474895043665,0.0682390238667918,-1.89737319948202,0.0650139442959845,1.23853757982258,NA
2,0.15,"yar","germination","quasibinomial",45,-0.0898570740828424,0.253367833759772,-0.354650678223186,0.724669057423885,-2.40896656849544,12.9153153760562
2,0.2,"bes","length","gaussian",40,0.896407232271284,1.90378653022293,0.470854908384248,0.640585032664814,-2.37626600984254,NA
2,0.2,"bes","ratio","gaussian",40,-0.179962512804937,0.0926370560632547,-1.94266226122357,0.0599104185379934,1.36586732298601,NA
2,0.2,"bes","germination","quasibinomial",45,-0.177042114294397,0.197364919006828,-0.897029295709195,0.374940521537712,-1.69008834071647,2.80327536060821
2,0.2,"jg","length","gaussian",44,-0.981581005313945,3.76428306432992,-0.260761740958149,0.795614071579829,-2.4785734905247,NA
2,0.2,"jg","ratio","gaussian",44,0.0525861617381859,0.0680936811405343,0.77226199050183,0.444498377333909,-1.90212141918425,NA
2,0.2,"jg","germination","quasibinomial",45,-0.219211103005462,0.151316900371262,-1.44868882766973,0.155029898261582,-0.151627749938825,4.54184457422762
2,0.2,"wsr","length","gaussian",38,1.35899671002595,1.32701708630709,1.02409887864206,0.31302009488647,-1.50842972788774,NA
2,0.2,"wsr","ratio","gaussian",38,-0.00690059866255244,0.0460034858770713,-0.150001647288033,0.881649639540062,-2.63773949414041,NA
2,0.2,"wsr","germination","quasibinomial",45,0.00924312384701955,0.177453132641504,0.0520876904759566,0.958711780290772,-2.53576126600218,3.45442567550927
2,0.2,"yar","length","gaussian",44,0.350691628530693,1.12677995809104,0.31123346311983,0.757239442760208,-2.44688225671246,NA
2,0.2,"yar","ratio","gaussian",44,-0.116459825322248,0.0684041610794446,-1.70252545290324,0.0964172627840962,0.524914832385981,NA
2,0.2,"yar","germination","quasibinomial",45,-0.0790291187134596,0.250439451592722,-0.315561778349447,0.75393586634506,-2.4355594036995,12.9369808450832
2,0.3,"bes","length","gaussian",40,0.793204267767274,1.83811447310875,0.43153148477513,0.668655376723493,-2.41547158115793,NA
2,0.3,"bes","ratio","gaussian",40,-0.170272362341923,0.0895790148005905,-1.9008063743608,0.0653571340098417,1.20375311742106,NA
2,0.3,"bes","germination","quasibinomial",45,-0.165695954530683,0.194214204697189,-0.853160842632649,0.39852703332699,-1.76364237432314,2.80670869030948
2,0.3,"jg","length","gaussian",44,-2.25459807823535,3.65800970539533,-0.61634557035482,0.541158501378735,-2.13740808582611,NA
2,0.3,"jg","ratio","gaussian",44,0.0541337896846529,0.0663720494421312,0.815611242076401,0.419552851406743,-1.82758049320634,NA
2,0.3,"jg","germination","quasibinomial",45,-0.24573841722343,0.158480470164159,-1.55059116728317,0.12868530242988,0.364292172629973,4.51561808452332
2,0.3,"wsr","length","gaussian",38,1.17127491308846,1.28946743404333,0.908340049671316,0.370092395087807,-1.75173988659537,NA
2,0.3,"wsr","ratio","gaussian",38,0.00391015172850028,0.0445685736467406,0.0877333827080247,0.930603291609341,-2.65427706841776,NA
2,0.3,"wsr","germination","quasibinomial",45,0.0451576005161638,0.165181677193646,0.273381414230495,0.78593249092518,-2.46582906383233,3.42679044570932
2,0.3,"yar","length","gaussian",44,-0.119259663373359,1.10741998726583,-0.107691449264706,0.914778819905715,-2.54055099873949,NA
2,0.3,"yar","ratio","gaussian",44,-0.0949813231169861,0.067907263284704,-1.3986916645245,0.169611530906543,-0.452303663715114,NA
2,0.3,"yar","germination","quasibinomial",45,-0.0660996261966001,0.24519659158012,-0.269578079249122,0.788837027635743,-2.46320555177625,12.9578201699747
2,0.5,"bes","length","gaussian",40,0.849466819032816,1.77992177950364,0.477249522318729,0.636069176235387,-2.36957139998918,NA
2,0.5,"bes","ratio","gaussian",40,-0.161094508141104,0.0869951394741521,-1.85176446770303,0.0722752005070745,1.01748927107121,NA
2,0.5,"bes","germination","quasibinomial",45,-0.144391255864499,0.18893107782684,-0.764253597265969,0.449092398773496,-1.91776910954394,2.81615499233505
2,0.5,"jg","length","gaussian",44,-3.50609845532137,3.55867283956117,-0.98522640697528,0.330435090001477,-1.49831759786144,NA
2,0.5,"jg","ratio","gaussian",44,0.0565550942130637,0.0649663624890227,0.870528871346612,0.389206006730783,-1.72750194978222,NA
2,0.5,"jg","germination","quasibinomial",45,-0.2626861064245,0.164070320872196,-1.60105804040648,0.117042149485644,0.719126759028157,4.52158845441552
2,0.5,"wsr","length","gaussian",38,0.986261303180425,1.24548744851254,0.791867717621964,0.433928021840789,-1.9684374002972,NA
2,0.5,"wsr","ratio","gaussian",38,0.0139298743985678,0.0428642390720629,0.324976593545707,0.747190060123319,-2.54502725962199,NA
2,0.5,"wsr","germination","quasibinomial",45,0.0702645571534943,0.154167378456573,0.455767996167146,0.650961669990264,-2.34083971720679,3.40327352968839
2,0.5,"yar","length","gaussian",44,-0.537331185674022,1.06734521795292,-0.503427735128264,0.61742481972026,-2.27540238102927,NA
2,0.5,"yar","ratio","gaussian",44,-0.0736051978052737,0.066218644151463,-1.1115479446682,0.272969155276282,-1.21478131040193,NA
2,0.5,"yar","germination","quasibinomial",45,-0.0595974613274391,0.241184280683164,-0.247103422986884,0.806061374699455,-2.47510147538515,12.9625783602617
