kind,stand,stand_label,id,tree_num,position,bearing_deg,distance_m,east_m,north_m,latitude,longitude,dbh_cm,disease_initial,disease_2_mai,disease_4_mai,audpc_adj_2mai,audpc_adj_4mai,months
centre,no_fungus_control,No-fungus control,no_fungus_control-centre,,,,,0.0,0.0,37.31736,-76.88526,,,,,,,
centre,attenuated,Formerly attenuated strain,attenuated-centre,,,,,0.0,0.0,37.31794,-76.88636,,,,,,,
centre,virulent,Virulent strain,virulent-centre,,,,,0.0,0.0,37.31775,-76.88661,,,,,,,
tree,attenuated,Formerly attenuated strain,attenuated-T1,1,,165,0.35,0.091,-0.338,37.31793695,-76.88635898,14.732,1,3,3,3,8,
tree,attenuated,Formerly attenuated strain,attenuated-T2,2,,125,0.35,0.287,-0.201,37.31793819,-76.88635677,9.652,1,1,5,0,2,
tree,attenuated,Formerly attenuated strain,attenuated-T3,3,,190,0.5,-0.087,-0.492,37.31793556,-76.88636098,13.97,1,1,5,0,2,
tree,attenuated,Formerly attenuated strain,attenuated-T4,4,,160,3,1.026,-2.819,37.3179146,-76.88634842,14.224,1,4,5,3.5,10,
tree,attenuated,Formerly attenuated strain,attenuated-T5,5,,150,4.5,2.25,-3.897,37.31790489,-76.88633462,12.954,1,4,5,4.5,11,
tree,attenuated,Formerly attenuated strain,attenuated-T6,6,,145,5.2,2.983,-4.26,37.31790162,-76.88632635,12.192,1,1,5,0,2,
tree,attenuated,Formerly attenuated strain,attenuated-T7,7,,135,5.8,4.101,-4.101,37.31790305,-76.88631373,9.398,1,1,5,0,2,
tree,attenuated,Formerly attenuated strain,attenuated-T8,8,,140,3.8,2.443,-2.911,37.31791377,-76.88633244,10.16,1,1,1,0,0,
tree,attenuated,Formerly attenuated strain,attenuated-T9,9,,115,4.9,4.441,-2.071,37.31792134,-76.8863099,11.176,1,1,5,0,2,
tree,attenuated,Formerly attenuated strain,attenuated-T10,10,,355,5.95,-0.519,5.927,37.31799341,-76.88636585,30.734,1,3,3,1,6,
tree,attenuated,Formerly attenuated strain,attenuated-T11,11,,355,8.6,-0.75,8.567,37.31801719,-76.88636846,20.32,1,4,3,3.5,9,
tree,attenuated,Formerly attenuated strain,attenuated-T12,12,,340,3.4,-1.163,3.195,37.31796879,-76.88637312,8.636,1,1,4,0,1.5,
tree,attenuated,Formerly attenuated strain,attenuated-T13,13,,340,1.7,-0.581,1.597,37.31795439,-76.88636656,11.938,1,5,2,5,11.5,
tree,attenuated,Formerly attenuated strain,attenuated-T14,14,,320,1.6,-1.028,1.226,37.31795104,-76.8863716,11.176,1,4,4,4.5,10.5,
tree,attenuated,Formerly attenuated strain,attenuated-T15,15,,305,2.55,-2.089,1.463,37.31795318,-76.88638357,12.192,1,1,5,0,2,
tree,attenuated,Formerly attenuated strain,attenuated-T16,16,,295,6.1,-5.528,2.578,37.31796323,-76.88642237,13.208,1,1,1,0,0,
tree,attenuated,Formerly attenuated strain,attenuated-T17,17,,260,5,-4.924,-0.868,37.31793218,-76.88641555,13.716,1,4,1,3.5,8,
tree,attenuated,Formerly attenuated strain,attenuated-T18,18,,235,4.15,-3.399,-2.38,37.31791855,-76.88639835,12.446,1,1,5,0,2,
tree,attenuated,Formerly attenuated strain,attenuated-T19,19,,225,4.1,-2.899,-2.899,37.31791388,-76.88639271,13.208,1,4,4,4.5,10.5,
tree,attenuated,Formerly attenuated strain,attenuated-T20,20,,220,5.3,-3.407,-4.06,37.31790342,-76.88639843,11.938,1,1,5,0,2,
tree,attenuated,Formerly attenuated strain,attenuated-T21,21,,150,3.6,1.8,-3.118,37.31791191,-76.88633969,2.627650329928476,1,1,1,0,0,
tree,attenuated,Formerly attenuated strain,attenuated-T22,22,,145,3.34,1.916,-2.736,37.31791535,-76.88633839,5.053173711400915,1,1,1,0,0,
tree,attenuated,Formerly attenuated strain,attenuated-T23,23,,140,4.55,2.925,-3.486,37.31790859,-76.886327,4.244665917576769,1,1,1,0,0,
tree,attenuated,Formerly attenuated strain,attenuated-T24,24,,120,3.75,3.248,-1.875,37.31792311,-76.88632336,2.829777278384512,1,1,1,0,0,
tree,attenuated,Formerly attenuated strain,attenuated-T25,25,,115,8.06,7.305,-3.406,37.31790931,-76.88627759,2.021269484560366,1,1,1,0,0,
tree,attenuated,Formerly attenuated strain,attenuated-T26,26,,115,8.05,7.296,-3.402,37.31790935,-76.88627769,6.468062350593172,1,1,1,0,0,
tree,attenuated,Formerly attenuated strain,attenuated-T27,27,,115,8.7,7.885,-3.677,37.31790687,-76.88627105,4.042538969120733,1,1,1,0,0,
tree,attenuated,Formerly attenuated strain,attenuated-T28,28,,110,10.5,9.867,-3.591,37.31790764,-76.88624869,2.829777278384512,1,1,1,0,0,
tree,attenuated,Formerly attenuated strain,attenuated-T29,29,,110,10.55,9.914,-3.608,37.31790749,-76.88624816,7.680824041329392,1,1,1,0,0,
tree,attenuated,Formerly attenuated strain,attenuated-T30,30,,110,10.53,9.895,-3.601,37.31790755,-76.88624837,8.489331835153537,1,1,1,0,0,
tree,attenuated,Formerly attenuated strain,attenuated-T31,31,,100,8.7,8.568,-1.511,37.31792639,-76.88626334,7.034017806270073,1,1,1,0,0,
tree,attenuated,Formerly attenuated strain,attenuated-T32,32,,100,11.2,11.03,-1.945,37.31792248,-76.88623557,8.89358573206561,1,1,1,0,0,
tree,attenuated,Formerly attenuated strain,attenuated-T33,33,,100,10.6,10.439,-1.841,37.31792341,-76.88624223,9.297839628977684,1,1,1,0,0,
tree,attenuated,Formerly attenuated strain,attenuated-T34,34,,100,10.9,10.734,-1.893,37.31792295,-76.8862389,5.255300659856952,1,1,1,0,0,
tree,attenuated,Formerly attenuated strain,attenuated-T35,35,,95,10.35,10.311,-0.902,37.31793187,-76.88624368,8.994649206293628,1,1,1,0,0,
tree,attenuated,Formerly attenuated strain,attenuated-T36,36,,92,8.4,8.395,-0.293,37.31793736,-76.88626529,6.063808453681098,1,1,1,0,0,
tree,attenuated,Formerly attenuated strain,attenuated-T37,37,,92,8.05,8.045,-0.281,37.31793747,-76.88626924,8.89358573206561,1,1,1,0,0,
tree,attenuated,Formerly attenuated strain,attenuated-T38,38,,91,8.6,8.599,-0.15,37.31793865,-76.88626299,11.31910911353805,1,1,1,0,0,
tree,attenuated,Formerly attenuated strain,attenuated-T39,39,,90,4.5,4.5,0.0,37.31794,-76.88630923,3.638285072208659,1,1,2,0,0.5,
tree,attenuated,Formerly attenuated strain,attenuated-T40,40,,75,7.55,7.293,1.954,37.31795761,-76.88627773,5.659554556769025,1,1,2,0,0.5,
tree,attenuated,Formerly attenuated strain,attenuated-T41,41,,80,6.8,6.697,1.181,37.31795064,-76.88628445,10.91485521662598,1,1,2,0,0.5,
tree,attenuated,Formerly attenuated strain,attenuated-T42,42,,80,6.15,6.057,1.068,37.31794962,-76.88629167,3.234031175296586,1,1,1,0,0,
tree,attenuated,Formerly attenuated strain,attenuated-T43,43,,85,4.9,4.881,0.427,37.31794385,-76.88630493,3.234031175296586,1,1,2,0,0.5,
tree,attenuated,Formerly attenuated strain,attenuated-T44,44,,95,3.82,3.805,-0.333,37.317937,-76.88631707,1.617015587648293,1,1,2,0,0.5,
tree,attenuated,Formerly attenuated strain,attenuated-T45,45,,85,2.2,2.192,0.192,37.31794173,-76.88633527,6.468062350593172,1,1,1,0,0,
tree,attenuated,Formerly attenuated strain,attenuated-T46,46,,87,2.4,2.397,0.126,37.31794113,-76.88633296,10.91485521662598,1,1,2,0,0.5,
tree,attenuated,Formerly attenuated strain,attenuated-T47,47,,85,5.5,5.479,0.479,37.31794432,-76.88629819,4.648919814488842,1,1,2,0,0.5,
tree,attenuated,Formerly attenuated strain,attenuated-T48,48,,55,4.9,4.014,2.811,37.31796532,-76.88631472,8.287204886697502,1,1,2,0,0.5,
tree,attenuated,Formerly attenuated strain,attenuated-T49,49,,50,4.75,3.639,3.053,37.31796751,-76.88631895,9.702093525889756,1,1,1,0,0,
tree,attenuated,Formerly attenuated strain,attenuated-T50,50,,40,5.55,3.567,4.252,37.31797831,-76.88631975,1.617015587648293,1,1,2,0,0.5,
tree,attenuated,Formerly attenuated strain,attenuated-T51,51,,40,5.65,3.632,4.328,37.317979,-76.88631903,1.21276169073622,1,1,2,0,0.5,
tree,attenuated,Formerly attenuated strain,attenuated-T52,52,,45,6.8,4.808,4.808,37.31798332,-76.88630575,12.53187080427427,1,1,2,0,0.5,
tree,attenuated,Formerly attenuated strain,attenuated-T53,53,,42,7.4,4.952,5.499,37.31798955,-76.88630414,6.063808453681098,1,1,1,0,0,
tree,attenuated,Formerly attenuated strain,attenuated-T54,54,,50,4.55,3.486,2.925,37.31796635,-76.88632068,3.234031175296586,1,1,1,0,0,
tree,attenuated,Formerly attenuated strain,attenuated-T55,55,,50,8.2,6.282,5.271,37.31798749,-76.88628913,10.5106013197139,1,1,1,0,0,
tree,attenuated,Formerly attenuated strain,attenuated-T56,56,,20,8,2.736,7.518,37.31800774,-76.88632913,6.468062350593172,1,1,1,0,0,
tree,attenuated,Formerly attenuated strain,attenuated-T57,57,,15,8.2,2.122,7.921,37.31801137,-76.88633606,4.851046762944878,1,1,1,0,0,
tree,attenuated,Formerly attenuated strain,attenuated-T58,58,,5,8.84,0.77,8.806,37.31801935,-76.88635131,3.234031175296586,1,1,1,0,0,
tree,attenuated,Formerly attenuated strain,attenuated-T59,59,,355,6.65,-0.58,6.625,37.31799969,-76.88636654,5.457427608312988,1,1,1,0,0,
tree,attenuated,Formerly attenuated strain,attenuated-T60,60,,350,7.92,-1.375,7.8,37.31801028,-76.88637552,6.468062350593172,1,1,1,0,0,
tree,attenuated,Formerly attenuated strain,attenuated-T61,61,,355,8.2,-0.715,8.169,37.3180136,-76.88636806,1.21276169073622,1,1,1,0,0,
tree,attenuated,Formerly attenuated strain,attenuated-T62,62,,350,8.65,-1.502,8.519,37.31801676,-76.88637695,0.8085077938241465,1,1,1,0,0,
tree,attenuated,Formerly attenuated strain,attenuated-T63,63,,310,9.5,-7.277,6.106,37.31799502,-76.8864421,7.680824041329392,1,1,1,0,0,
tree,attenuated,Formerly attenuated strain,attenuated-T64,64,,290,7.05,-6.625,2.411,37.31796173,-76.88643474,1.010634742280183,1,1,1,0,0,
tree,attenuated,Formerly attenuated strain,attenuated-T65,65,,290,5.1,-4.792,1.744,37.31795572,-76.88641407,1.21276169073622,1,1,1,0,0,
tree,attenuated,Formerly attenuated strain,attenuated-T66,66,,285,6.55,-6.327,1.695,37.31795527,-76.88643138,7.276570144417318,1,1,1,0,0,
tree,attenuated,Formerly attenuated strain,attenuated-T67,67,,270,7.9,-7.9,-0.0,37.31794,-76.88644912,3.234031175296586,1,1,1,0,0,
tree,attenuated,Formerly attenuated strain,attenuated-T68,68,,265,7.75,-7.721,-0.675,37.31793391,-76.8864471,4.042538969120733,1,1,1,0,0,
tree,attenuated,Formerly attenuated strain,attenuated-T69,69,,265,5.7,-5.678,-0.497,37.31793552,-76.88642406,1.21276169073622,1,1,1,0,0,
tree,attenuated,Formerly attenuated strain,attenuated-T70,70,,245,3.15,-2.855,-1.331,37.31792801,-76.88639221,3.880837410355903,1,1,1,0,0,
tree,attenuated,Formerly attenuated strain,attenuated-T71,71,,230,3.95,-3.026,-2.539,37.31791712,-76.88639414,5.659554556769025,1,1,1,0,0,
tree,attenuated,Formerly attenuated strain,attenuated-T72,72,,225,5.7,-4.031,-4.031,37.31790368,-76.88640547,13.34037859809841,1,1,1,0,0,
tree,attenuated,Formerly attenuated strain,attenuated-T73,73,,223,5.9,-4.024,-4.315,37.31790112,-76.88640539,11.31910911353805,1,1,1,0,0,
tree,attenuated,Formerly attenuated strain,attenuated-T74,74,,215,7.8,-4.474,-6.389,37.31788243,-76.88641047,2.425523381472439,1,1,1,0,0,
tree,attenuated,Formerly attenuated strain,attenuated-T75,75,,195,6.9,-1.786,-6.665,37.31787995,-76.88638015,8.89358573206561,1,1,1,0,0,
tree,attenuated,Formerly attenuated strain,attenuated-T76,76,,190,6.4,-1.111,-6.303,37.31788321,-76.88637254,1.414888639192256,1,1,1,0,0,
tree,attenuated,Formerly attenuated strain,attenuated-T77,77,,185,5.7,-0.497,-5.678,37.31788884,-76.8863656,1.617015587648293,1,1,1,0,0,
tree,attenuated,Formerly attenuated strain,attenuated-T78,78,,180,3.7,0.0,-3.7,37.31790666,-76.88636,1.819142536104329,1,1,1,0,0,
tree,virulent,Virulent strain,virulent-T1,1,,360,2.05,-0.0,2.05,37.31776847,-76.88661,13.208,1,1,5,0,2,
tree,virulent,Virulent strain,virulent-T2,2,,355,2.05,-0.179,2.042,37.3177684,-76.88661202,8.89,1,1,2,0,3.5,
tree,virulent,Virulent strain,virulent-T3,3,,320,3.1,-1.993,2.375,37.3177714,-76.88663248,20.066,1,5,2,4,6.5,
tree,virulent,Virulent strain,virulent-T4,4,,295,3.5,-3.172,1.479,37.31776333,-76.88664579,13.97,1,5,5,4,8,
tree,virulent,Virulent strain,virulent-T5,5,,303,4.4,-3.69,2.396,37.31777159,-76.88665163,12.7,1,5,5,4,8,
tree,virulent,Virulent strain,virulent-T6,6,,305,4.4,-3.604,2.524,37.31777274,-76.88665066,14.732,1,4,2,3.5,8.5,
tree,virulent,Virulent strain,virulent-T7,7,,265,6.85,-6.824,-0.597,37.31774462,-76.88668698,12.192,1,5,1,5,7,
tree,virulent,Virulent strain,virulent-T8,8,,255,7.8,-7.534,-2.019,37.31773181,-76.886695,9.398,1,1,1,0,0,
tree,virulent,Virulent strain,virulent-T9,9,,240,7.3,-6.322,-3.65,37.31771711,-76.88668132,10.414,1,5,1,4,6,
tree,virulent,Virulent strain,virulent-T10,10,,240,7.1,-6.149,-3.55,37.31771801,-76.88667937,8.89,1,3,5,1,7,
tree,virulent,Virulent strain,virulent-T11,11,,245,6.1,-5.528,-2.578,37.31772677,-76.88667237,9.398,1,1,5,0,2,
tree,virulent,Virulent strain,virulent-T12,12,,240,4.4,-3.811,-2.2,37.31773018,-76.88665299,8.89,1,1,1,0,0,
tree,virulent,Virulent strain,virulent-T13,13,,240,2.3,-1.992,-1.15,37.31773964,-76.88663247,10.16,1,1,5,0,2,
tree,virulent,Virulent strain,virulent-T14,14,,110,0.85,0.799,-0.291,37.31774738,-76.88660099,10.16,1,5,5,5,9,
tree,virulent,Virulent strain,virulent-T15,15,,80,3.35,3.299,0.582,37.31775524,-76.88657278,14.224,1,5,1,6,8,
tree,virulent,Virulent strain,virulent-T16,16,,5,7.1,0.619,7.073,37.31781373,-76.88660302,12.7,1,1,1,0,3,
tree,virulent,Virulent strain,virulent-T17,17,,15,5.3,1.372,5.119,37.31779613,-76.88659452,13.97,1,1,5,0,2,
tree,virulent,Virulent strain,virulent-T18,18,,10,5.8,1.007,5.712,37.31780147,-76.88659864,10.414,1,5,2,5,10.5,
tree,virulent,Virulent strain,virulent-T19,19,,20,8.6,2.941,8.081,37.31782282,-76.88657682,16.764,1,1,5,0,2,
tree,virulent,Virulent strain,virulent-T20,20,,20,9.6,3.283,9.021,37.31783128,-76.88657296,17.018,1,5,1,5,10,
tree,virulent,Virulent strain,virulent-T21,21,,10,2.35,0.408,2.314,37.31777085,-76.8866054,6.063808453681098,1,1,2,0,0.5,
tree,virulent,Virulent strain,virulent-T22,22,,20,2.35,0.804,2.208,37.3177699,-76.88660093,4.446792866032805,1,1,5,0,2,
tree,virulent,Virulent strain,virulent-T23,23,,50,3.4,2.605,2.185,37.31776969,-76.88658062,2.627650329928476,1,1,1,0,0,
tree,virulent,Virulent strain,virulent-T24,24,,70,4.15,3.9,1.419,37.31776279,-76.886566,8.085077938241465,1,1,2,0,0.5,
tree,virulent,Virulent strain,virulent-T25,25,,70,5.15,4.839,1.761,37.31776587,-76.8865554,6.872316247505244,1,1,2,0,0.5,
tree,virulent,Virulent strain,virulent-T26,26,,45,5.15,3.642,3.642,37.31778281,-76.88656892,6.468062350593172,1,1,1,0,0,
tree,virulent,Virulent strain,virulent-T27,27,,50,7,5.362,4.5,37.31779054,-76.8865495,3.031904226840549,1,1,1,0,0,
tree,virulent,Virulent strain,virulent-T28,28,,30,5.65,2.825,4.893,37.31779409,-76.88657813,1.21276169073622,1,1,1,0,0,
tree,virulent,Virulent strain,virulent-T29,29,,30,8.55,4.275,7.405,37.31781672,-76.88656177,2.829777278384512,1,1,1,0,0,
tree,virulent,Virulent strain,virulent-T30,30,,75,9.8,9.466,2.536,37.31777285,-76.88650321,8.287204886697502,1,1,5,0,2,
tree,virulent,Virulent strain,virulent-T31,31,,80,9.4,9.257,1.632,37.31776471,-76.88650556,8.89358573206561,1,1,1,0,0,
tree,virulent,Virulent strain,virulent-T32,32,,80,9.9,9.75,1.719,37.31776549,-76.88650001,2.425523381472439,1,1,1,0,0,
tree,virulent,Virulent strain,virulent-T33,33,,80,9,8.863,1.563,37.31776408,-76.88651001,8.287204886697502,1,1,1,0,0,
tree,virulent,Virulent strain,virulent-T34,34,,80,8.1,7.977,1.407,37.31776267,-76.88652001,9.702093525889756,1,1,1,0,0,
tree,virulent,Virulent strain,virulent-T35,35,,95,6.7,6.675,-0.584,37.31774474,-76.8865347,7.478697092873355,1,1,1,0,0,
tree,virulent,Virulent strain,virulent-T36,36,,92,7,6.996,-0.244,37.3177478,-76.88653108,3.638285072208659,1,1,1,0,0,
tree,virulent,Virulent strain,virulent-T37,37,,120,4.68,4.053,-2.34,37.31772892,-76.88656428,2.829777278384512,1,1,1,0,0,
tree,virulent,Virulent strain,virulent-T38,38,,130,4.45,3.409,-2.86,37.31772423,-76.88657154,8.085077938241465,1,1,1,0,0,
tree,virulent,Virulent strain,virulent-T39,39,,130,4.78,3.662,-3.073,37.31772232,-76.88656869,0.8085077938241465,1,1,5,0,2,
tree,virulent,Virulent strain,virulent-T40,40,,140,6.1,3.921,-4.673,37.3177079,-76.88656576,2.425523381472439,1,1,1,0,0,
tree,virulent,Virulent strain,virulent-T41,41,,150,4.05,2.025,-3.507,37.3177184,-76.88658715,0.8085077938241465,1,1,1,0,0,
tree,virulent,Virulent strain,virulent-T42,42,,180,3.55,0.0,-3.55,37.31771801,-76.88661,2.425523381472439,1,1,1,0,0,
tree,virulent,Virulent strain,virulent-T43,43,,230,0.4,-0.306,-0.257,37.31774768,-76.88661346,3.234031175296586,1,1,1,0,0,
tree,virulent,Virulent strain,virulent-T44,44,,230,1.1,-0.843,-0.707,37.31774363,-76.88661951,2.829777278384512,1,1,1,0,0,
tree,virulent,Virulent strain,virulent-T45,45,,275,1,-0.996,0.087,37.31775079,-76.88662124,8.085077938241465,1,1,5,0,2,
tree,virulent,Virulent strain,virulent-T46,46,,273,1.6,-1.598,0.084,37.31775075,-76.88662803,3.234031175296586,1,1,1,0,0,
tree,virulent,Virulent strain,virulent-T47,47,,275,1.8,-1.793,0.157,37.31775141,-76.88663023,2.425523381472439,1,1,1,0,0,
tree,virulent,Virulent strain,virulent-T48,48,,320,2.55,-1.639,1.953,37.3177676,-76.88662849,3.234031175296586,1,1,1,0,0,
tree,virulent,Virulent strain,virulent-T49,49,,320,3.45,-2.218,2.643,37.31777381,-76.88663502,1.617015587648293,1,1,1,0,0,
tree,virulent,Virulent strain,virulent-T50,50,,330,3.45,-1.725,2.988,37.31777692,-76.88662946,3.234031175296586,1,1,1,0,0,
tree,virulent,Virulent strain,virulent-T51,51,,320,4.5,-2.893,3.447,37.31778106,-76.88664263,3.234031175296586,1,1,5,0,2,
tree,virulent,Virulent strain,virulent-T52,52,,335,4.2,-1.775,3.806,37.3177843,-76.88663002,6.063808453681098,1,1,2,0,0.5,
tree,virulent,Virulent strain,virulent-T53,53,,345,4.5,-1.165,4.347,37.31778916,-76.88662314,6.387211571210758,1,1,5,0,2,
tree,virulent,Virulent strain,virulent-T54,54,,350,4.8,-0.834,4.727,37.31779259,-76.8866194,2.425523381472439,1,1,1,0,0,
tree,virulent,Virulent strain,virulent-T55,55,,345,5,-1.294,4.83,37.31779352,-76.8866246,3.234031175296586,1,1,1,0,0,
tree,virulent,Virulent strain,virulent-T56,56,,350,4.55,-0.79,4.481,37.31779037,-76.88661891,5.659554556769025,1,1,1,0,0,
tree,virulent,Virulent strain,virulent-T57,57,,300,5.4,-4.677,2.7,37.31777433,-76.88666276,4.042538969120733,1,1,1,0,0,
tree,virulent,Virulent strain,virulent-T58,58,,300,5.8,-5.023,2.9,37.31777613,-76.88666667,1.617015587648293,1,1,5,0,2,
tree,virulent,Virulent strain,virulent-T59,59,,295,5.55,-5.03,2.346,37.31777113,-76.88666675,3.234031175296586,1,1,1,0,0,
tree,virulent,Virulent strain,virulent-T60,60,,20,3.4,1.163,3.195,37.31777879,-76.88659688,8.085077938241465,1,1,1,0,0,
tree,virulent,Virulent strain,virulent-T61,61,,20,2.35,0.804,2.208,37.3177699,-76.88660093,2.627650329928476,1,1,2,0,0.5,
tree,no_fungus_control,No-fungus control,no_fungus_control-T1,1,,160,1.95,0.667,-1.832,37.31734349,-76.88525248,18.542,1,1,1,0,0,
tree,no_fungus_control,No-fungus control,no_fungus_control-T2,2,,220,0.8,-0.514,-0.613,37.31735448,-76.8852658,12.446,1,1,2,0,1.5,
tree,no_fungus_control,No-fungus control,no_fungus_control-T3,3,,350,0.6,-0.104,0.591,37.31736532,-76.88526118,19.558,1,1,1,0,0,
tree,no_fungus_control,No-fungus control,no_fungus_control-T4,4,,350,3,-0.521,2.954,37.31738662,-76.88526588,10.16,1,1,1,0,0,
tree,no_fungus_control,No-fungus control,no_fungus_control-T5,5,,340,4.2,-1.436,3.947,37.31739556,-76.88527621,12.192,1,1,1,0,0,
tree,no_fungus_control,No-fungus control,no_fungus_control-T6,6,,330,4.4,-2.2,3.811,37.31739433,-76.88528482,10.922,1,1,1,0,0,
tree,no_fungus_control,No-fungus control,no_fungus_control-T7,7,,10,6.4,1.111,6.303,37.31741679,-76.88524746,16.764,1,1,4,0,4.5,
tree,no_fungus_control,No-fungus control,no_fungus_control-T8,8,,360,8.1,-0.0,8.1,37.31743298,-76.88526,13.208,1,1,1,0,0,
tree,no_fungus_control,No-fungus control,no_fungus_control-T9,9,,5,9.2,0.802,9.165,37.31744258,-76.88525095,16.002,1,1,4,0,4.5,
tree,no_fungus_control,No-fungus control,no_fungus_control-T10,10,,30,8.2,4.1,7.101,37.31742399,-76.88521375,16.256,1,1,1,0,0,
tree,no_fungus_control,No-fungus control,no_fungus_control-T11,11,,30,8.7,4.35,7.534,37.31742789,-76.88521093,12.446,1,1,1,0,0,
tree,no_fungus_control,No-fungus control,no_fungus_control-T12,12,,95,4.95,4.931,-0.431,37.31735611,-76.88520437,8.382,1,1,1,0,0,
tree,no_fungus_control,No-fungus control,no_fungus_control-T13,13,,100,3.75,3.693,-0.651,37.31735413,-76.88521834,9.652,1,1,1,0,0,
tree,no_fungus_control,No-fungus control,no_fungus_control-T14,14,,110,3.6,3.383,-1.231,37.31734891,-76.88522184,8.89,1,1,1,0,0,
tree,no_fungus_control,No-fungus control,no_fungus_control-T15,15,,120,5,4.33,-2.5,37.31733747,-76.88521115,10.414,1,1,1,0,0,
tree,no_fungus_control,No-fungus control,no_fungus_control-T16,16,,170,4.27,0.741,-4.205,37.31732211,-76.88525163,7.874,1,1,1,0,0,
tree,no_fungus_control,No-fungus control,no_fungus_control-T17,17,,180,5.45,0.0,-5.45,37.31731089,-76.88526,9.906,1,1,1,0,0,
tree,no_fungus_control,No-fungus control,no_fungus_control-T18,18,,210,5.9,-2.95,-5.11,37.31731396,-76.88529328,11.684,1,1,1,0,0,
tree,no_fungus_control,No-fungus control,no_fungus_control-T19,19,,210,7,-3.5,-6.062,37.31730538,-76.88529949,12.7,1,1,1,0,0,
tree,no_fungus_control,No-fungus control,no_fungus_control-T20,20,,200,7.9,-2.702,-7.424,37.31729311,-76.88529048,10.922,1,1,1,0,0,
tree,no_fungus_control,No-fungus control,no_fungus_control-T21,21,,70,3.05,2.866,1.043,37.3173694,-76.88522767,8.085077938241465,1,1,1,0,0,
tree,no_fungus_control,No-fungus control,no_fungus_control-T22,22,,30,3.2,1.6,2.771,37.31738497,-76.88524195,7.276570144417318,1,1,1,0,0,
tree,no_fungus_control,No-fungus control,no_fungus_control-T23,23,,45,5.6,3.96,3.96,37.31739568,-76.88521533,7.680824041329392,1,1,1,0,0,
tree,no_fungus_control,No-fungus control,no_fungus_control-T24,24,,95,7.6,7.571,-0.662,37.31735403,-76.88517459,6.063808453681098,1,1,1,0,0,
tree,no_fungus_control,No-fungus control,no_fungus_control-T25,25,,100,6.3,6.204,-1.094,37.31735014,-76.88519001,4.851046762944878,1,1,1,0,0,
tree,no_fungus_control,No-fungus control,no_fungus_control-T26,26,,95,9.95,9.912,-0.867,37.31735219,-76.88514818,4.446792866032805,1,1,1,0,0,
tree,no_fungus_control,No-fungus control,no_fungus_control-T27,27,,87,8.5,8.488,0.445,37.31736401,-76.88516424,7.680824041329392,1,1,1,0,0,
tree,no_fungus_control,No-fungus control,no_fungus_control-T28,28,,60,7.2,6.235,3.6,37.31739244,-76.88518966,8.085077938241465,1,1,1,0,0,
tree,no_fungus_control,No-fungus control,no_fungus_control-T29,29,,58,8,6.784,4.239,37.3173982,-76.88518346,6.468062350593172,1,1,1,0,0,
tree,no_fungus_control,No-fungus control,no_fungus_control-T30,30,,60,8.45,7.318,4.225,37.31739807,-76.88517744,6.953167026887659,1,1,1,0,0,
tree,no_fungus_control,No-fungus control,no_fungus_control-T31,31,,65,8.7,7.885,3.677,37.31739313,-76.88517105,7.034017806270073,1,1,1,0,0,
tree,no_fungus_control,No-fungus control,no_fungus_control-T32,32,,75,8.85,8.548,2.291,37.31738064,-76.88516356,2.021269484560366,1,1,1,0,0,
tree,no_fungus_control,No-fungus control,no_fungus_control-T33,33,,180,4.3,0.0,-4.3,37.31732126,-76.88526,7.680824041329392,1,1,1,0,0,
tree,no_fungus_control,No-fungus control,no_fungus_control-T34,34,,200,3.75,-1.283,-3.524,37.31732825,-76.88527447,4.446792866032805,1,1,1,0,0,
tree,no_fungus_control,No-fungus control,no_fungus_control-T35,35,,190,5,-0.868,-4.924,37.31731563,-76.8852698,2.829777278384512,1,1,1,0,0,
tree,no_fungus_control,No-fungus control,no_fungus_control-T36,36,,195,5,-1.294,-4.83,37.31731648,-76.8852746,4.042538969120733,1,1,1,0,0,
tree,no_fungus_control,No-fungus control,no_fungus_control-T37,37,,210,3.8,-1.9,-3.291,37.31733035,-76.88528143,7.276570144417318,1,1,1,0,0,
tree,no_fungus_control,No-fungus control,no_fungus_control-T38,38,,225,5.05,-3.571,-3.571,37.31732783,-76.88530029,4.042538969120733,1,1,1,0,0,
tree,no_fungus_control,No-fungus control,no_fungus_control-T39,39,,235,4.8,-3.932,-2.753,37.31733519,-76.88530436,11.72336301045012,1,1,1,0,0,
tree,no_fungus_control,No-fungus control,no_fungus_control-T40,40,,225,5.8,-4.101,-4.101,37.31732305,-76.88530627,8.085077938241465,1,1,1,0,0,
tree,no_fungus_control,No-fungus control,no_fungus_control-T41,41,,260,6.5,-6.401,-1.129,37.31734983,-76.88533222,4.851046762944878,1,1,1,0,0,
tree,no_fungus_control,No-fungus control,no_fungus_control-T42,42,,310,2.5,-1.915,1.607,37.31737448,-76.88528161,1.617015587648293,1,1,1,0,0,
tree,no_fungus_control,No-fungus control,no_fungus_control-T43,43,,300,4,-3.464,2.0,37.31737802,-76.88529908,6.468062350593172,1,1,1,0,0,
tree,no_fungus_control,No-fungus control,no_fungus_control-T44,44,,290,5.35,-5.027,1.83,37.31737649,-76.88531672,6.670189299049207,1,1,1,0,0,
tree,no_fungus_control,No-fungus control,no_fungus_control-T45,45,,330,7.2,-3.6,6.235,37.31741618,-76.88530061,6.468062350593172,1,1,1,0,0,
tree,no_fungus_control,No-fungus control,no_fungus_control-T46,46,,345,9.2,-2.381,8.887,37.31744007,-76.88528686,13.74463249501049,1,1,1,0,0,
tree,no_fungus_control,No-fungus control,no_fungus_control-T47,47,,330,9.5,-4.75,8.227,37.31743413,-76.88531359,8.89358573206561,1,1,1,0,0,
tree,no_fungus_control,No-fungus control,no_fungus_control-T48,48,,327,10,-5.446,8.387,37.31743557,-76.88532144,12.1276169073622,1,1,1,0,0,
soil,virulent,Virulent strain,virulent-S-Stand centre,,Stand centre,,0,0.0,0.0,37.31775,-76.88661,,,,,,,may;july;september
soil,virulent,Virulent strain,virulent-S-10 m @ 000°,,10 m @ 000°,0,10,0.0,10.0,37.3178401,-76.88661,,,,,,,may;july;september
soil,virulent,Virulent strain,virulent-S-10 m @ 090°,,10 m @ 090°,90,10,10.0,0.0,37.31775,-76.88649718,,,,,,,may;july;september
soil,virulent,Virulent strain,virulent-S-10 m @ 180°,,10 m @ 180°,180,10,0.0,-10.0,37.3176599,-76.88661,,,,,,,may;july;september
soil,virulent,Virulent strain,virulent-S-10 m @ 270°,,10 m @ 270°,270,10,-10.0,-0.0,37.31775,-76.88672282,,,,,,,may;july;september
soil,attenuated,Formerly attenuated strain,attenuated-S-Stand centre,,Stand centre,,0,0.0,0.0,37.31794,-76.88636,,,,,,,may;july;september
soil,attenuated,Formerly attenuated strain,attenuated-S-10 m @ 000°,,10 m @ 000°,0,10,0.0,10.0,37.3180301,-76.88636,,,,,,,may;july;september
soil,attenuated,Formerly attenuated strain,attenuated-S-10 m @ 090°,,10 m @ 090°,90,10,10.0,0.0,37.31794,-76.88624718,,,,,,,may;july;september
soil,attenuated,Formerly attenuated strain,attenuated-S-10 m @ 180°,,10 m @ 180°,180,10,0.0,-10.0,37.3178499,-76.88636,,,,,,,may;july;september
soil,attenuated,Formerly attenuated strain,attenuated-S-10 m @ 270°,,10 m @ 270°,270,10,-10.0,-0.0,37.31794,-76.88647282,,,,,,,may;july;september
soil,no_fungus_control,No-fungus control,no_fungus_control-S-Stand centre,,Stand centre,,0,0.0,0.0,37.31736,-76.88526,,,,,,,may;july;september
soil,no_fungus_control,No-fungus control,no_fungus_control-S-10 m @ 000°,,10 m @ 000°,0,10,0.0,10.0,37.3174501,-76.88526,,,,,,,may;july;september
soil,no_fungus_control,No-fungus control,no_fungus_control-S-10 m @ 090°,,10 m @ 090°,90,10,10.0,0.0,37.31736,-76.88514718,,,,,,,may;july;september
soil,no_fungus_control,No-fungus control,no_fungus_control-S-10 m @ 180°,,10 m @ 180°,180,10,0.0,-10.0,37.3172699,-76.88526,,,,,,,may;july;september
soil,no_fungus_control,No-fungus control,no_fungus_control-S-10 m @ 270°,,10 m @ 270°,270,10,-10.0,-0.0,37.31736,-76.88537282,,,,,,,may;july;september
